{
    "all": {
        "rouge1": 0.33487397555263354,
        "rouge2": 0.15763429911706545,
        "rougeL": 0.2836886490984586,
        "rougeLsum": 0.2836886490984586,
        "bertscore_precision": 0.7040839289128781,
        "bertscore_recall": 0.6597637058794499,
        "bertscore_f1": 0.6751166123151779,
        "bleurt": 0.5024078734591604
    },
    "dataset-0": {
        "rouge1": 0.33487397555263354,
        "rouge2": 0.15763429911706545,
        "rougeL": 0.2836886490984586,
        "rougeLsum": 0.2836886490984586,
        "bertscore_precision": 0.7040839289128781,
        "bertscore_recall": 0.6597637058794499,
        "bertscore_f1": 0.6751166123151779,
        "bleurt": 0.5024078734591604
    }
}